,pol_interest_pre,pol_interest_post,interest_reversed,will_vote
count,1327.0,1327.0,1327.0,1327.0
mean,2.2290881688018085,2.110022607385079,2.7709118311981915,0.7844762622456669
std,0.8474774905842313,0.8109063785930964,0.8474774905842313,0.41134020280680544
min,1.0,1.0,1.0,0.0
25%,2.0,2.0,2.0,1.0
50%,2.0,2.0,3.0,1.0
75%,3.0,3.0,3.0,1.0
max,4.0,4.0,4.0,1.0
