Feature,Coefficient,Abs_Coefficient
log_subscribers,0.08191999669695504,0.08191999669695504
engagement_rate,0.029854577130981122,0.029854577130981122
avg_views_per_video,0.019875064652595212,0.019875064652595212
log_videos,2.9778515571687507e-17,2.9778515571687507e-17
log_views,5.105895982040274e-18,5.105895982040274e-18
