,channel_name,country,subscribers,channel_heat_index
1,Frostbite Gaming,FR,5430000,0.5955603876135892
2,SQUEEZIE GAMING,FR,5060000,0.5357631634213975
3,The Frustrated Gamer,FR,3430000,0.4880407083843329
4,Royalty Gaming,FR,7540000,0.4717762883960105
